{
	"GeneratedByInfo": {
		"mfilename": "LFCalRefine",
		"time": "13Apr2020_191306",
		"VersionStr": "v0.5.0 pre-release"
	},
	"LensletGridModel": {
		"HSpacing": 9.927588785,
		"VSpacing": 8.599466552,
		"HOffset": 3.897757525,
		"VOffset": 3.588582156,
		"Rot": 0.002104198666,
		"Orientation": "horz",
		"FirstPosShiftRow": 2,
		"UMax": 330,
		"VMax": 382
	},
	"EstCamIntrinsicsH": [
		[0.0002969946437,0,-3.218802539e-05,0,0.004679033644],
		[0,0.0003053544743,0,-3.174221443e-05,0.004551861692],
		[-0.001002961807,0,0.001849773789,0,-0.3492168716],
		[0,-0.001020040075,0,0.001843381652,-0.347907386],
		[0,0,0,0,1]
	],
	"EstCamDistortionV": [0.1659136672,-0.009005446866,0.1553634255,-0.001567932056,-0.003209487605],
	"EstCamPosesV": [
		[-0.03179295091,-0.03417601928,0.1417680406,-0.01400024606,0.04541128169,0.0006056613057],
		[-0.03220800867,-0.03690698665,0.1661622434,-0.3190479759,0.01893235146,-0.007457422339],
		[-0.02590385684,-0.03501142094,0.1464873732,-0.07143748736,-0.2575955458,0.004122563684],
		[-0.03343372986,-0.03392968719,0.1511186467,-0.0913104856,0.2049425395,-0.01366803215],
		[-0.03323361836,-0.02876272052,0.1352783715,0.3435041318,0.02484429445,-0.003747225588],
		[-0.03404043943,-0.03512735113,0.2200417671,-0.05304605426,0.0006694269774,-0.008683463649],
		[-0.003346997265,-0.007212148054,0.2388872974,-0.02876299342,-0.008936876458,0.0003518843905],
		[-0.06147814267,-0.06624826261,0.2448326747,-0.01154855968,-0.04880090189,-0.01938041959],
		[0.005235624581,-0.07175589497,0.2498237497,-0.01594909408,0.004175682592,0.002149243952],
		[-0.0682729686,-0.0003550680266,0.2446387959,-0.02729634423,0.006900556353,-0.01846556697],
		[-0.03227649596,-0.04997502029,0.2688562401,-0.4075609361,-0.02162637313,-0.02610183479],
		[-0.01871638748,-0.03405189631,0.2439149908,-0.0487185326,-0.4384154884,0.004062868336],
		[-0.06351159321,-0.06725083516,0.2309858239,-0.03752610007,-0.4324392006,-0.02982211463],
		[0.02094013116,0.002190084081,0.264309314,-0.06788068233,-0.3906836229,0.05121558846],
		[-0.01705275975,-0.02145383417,0.2031511833,-0.2724734091,0.4662089275,-0.0335629698],
		[-0.03237996024,-0.03478215709,0.127728628,-0.05083070509,0.04407781485,0.009882009911],
		[-0.02661071484,-0.02943020521,0.1575477583,-0.2663628177,0.180552781,0.01357815804],
		[-0.03578882693,-0.02996564129,0.1490806223,-0.2961805116,0.01331766642,-0.01265023713]
	],
	"CamInfo": {
		"CamSerial": "A000424242",
		"CamModel": "F01",
		"FocusStep": 598,
		"ZoomStep": 981
	},
	"CalOptions": {
		"ExpectedCheckerSize": [19,19],
		"ExpectedCheckerSpacing_m": [0.00361,0.00361],
		"LensletBorderSize": 1,
		"SaveResult": 1,
		"ForceRedoCornerFinding": 0,
		"ForceRedoInit": 0,
		"ShowDisplay": 1,
		"CalInfoFname": "CalInfo.json",
		"Phase": "Refine",
		"LFFnamePattern": "%s__Decoded.mat",
		"CheckerCornersFnamePattern": "%s__CheckerCorners.mat",
		"MinSubimageWeight": 13107.2,
		"CheckerInfoFname": "CheckerboardCorners.mat",
		"FileList": [
				"01/IMG_0001__CheckerCorners.mat",
				"01/IMG_0002__CheckerCorners.mat",
				"01/IMG_0003__CheckerCorners.mat",
				"01/IMG_0004__CheckerCorners.mat",
				"01/IMG_0005__CheckerCorners.mat",
				"01/IMG_0006__CheckerCorners.mat",
				"01/IMG_0007__CheckerCorners.mat",
				"01/IMG_0008__CheckerCorners.mat",
				"01/IMG_0009__CheckerCorners.mat",
				"01/IMG_0010__CheckerCorners.mat",
				"01/IMG_0011__CheckerCorners.mat",
				"01/IMG_0012__CheckerCorners.mat",
				"01/IMG_0013__CheckerCorners.mat",
				"01/IMG_0014__CheckerCorners.mat",
				"01/IMG_0015__CheckerCorners.mat",
				"01/IMG_0016__CheckerCorners.mat",
				"01/IMG_0017__CheckerCorners.mat",
				"01/IMG_0018__CheckerCorners.mat"
		],
		"ValidSubimageCount": [81,81,81,81,81,81,81,75,80,78,80,81,81,81,81,80,81,81],
		"OptTolX": 5e-05,
		"OptTolFun": 0,
		"LFSize": [9,9,382,382,4],
		"IJVecToOptOver": [2,3,4,5,6,7,8],
		"IntrinsicsToOpt": [1,3,7,9,11,13,17,19],
		"DistortionParamsToOpt": [1,2,3,4,5],
		"PreviousCamIntrinsics": [
			[0.0002964665213,0,-3.123200529e-05,0,0.004498596406],
			[0,0.0003047902838,0,-3.078643384e-05,0.004371650661],
			[-0.001002860051,0,0.001849756116,0,-0.3492139959],
			[0,-0.001019808424,0,0.001843326824,-0.3478980448],
			[0,0,0,0,1]
		],
		"PreviousCamDistortion": [0.1665924543,-0.01038507861,0.1594606117,-0.001594857791,-0.003296342093],
		"NPoses": 18
	},
	"DecodeOptions": {
		"OptionalTasks": null,
		"ColourHistThresh": 0.01,
		"WhiteImageDatabasePath": "Cameras/WhiteImageDatabase.mat",
		"WhiteProcDataFnameExtension": ".grid.json",
		"WhiteRawDataFnameExtension": ".RAW",
		"MetadataFnamePattern": "_metadata.json",
		"SerialdataFnamePattern": "_private_metadata.json",
		"DemosaicOrder": "bggr",
		"WhiteImageInfo": {
			"ZoomStep": 982,
			"FocusStep": 600,
			"ExposureDuration": 0.009999999776,
			"CamSerial": "A000424242",
			"CamModel": "F01",
			"Fname": "SampleCam/WhiteImages/data.C.3__C__T1CALIB__MOD_0059.TXT"
		},
		"LevelLimits": [168,4095],
		"ColourMatrix": [
			[3.111582756,-0.3629055917,0.07896701247],
			[-1.939392924,1.640880346,-1.155804276],
			[-0.1721898615,-0.2779748142,2.076837301]
		],
		"ColourBalance": [1.06640625,1,1.25],
		"Gamma": 0.6454920687,
		"ResampMethod": "fast",
		"Precision": "single",
		"DoDehex": 1,
		"DoSquareST": 1,
		"NColChans": 3,
		"NWeightChans": 1,
		"OutputScale": [1.162862829,1.162862829,1.154700538,1.154700538]
	},
	"ReprojectionError": {
		"SSE": 0.0007182197766,
		"RMSE": 4.765659679e-05
	}
}
