{
	"type" : "lightField",
	"image" : {
		"width" : 3280,
		"height" : 3280,
		"orientation" : 1,
		"representation" : "rawPacked",
		"rawDetails" : {
			"pixelFormat" : {
				"rightShift" : 0,
				"black" : {
					"r" : 168,
					"gr" : 168,
					"gb" : 168,
					"b" : 168
				},
				"white" : {
					"r" : 4095,
					"gr" : 4095,
					"gb" : 4095,
					"b" : 4095
				}
			},
			"pixelPacking" : {
				"endianness" : "big",
				"bitsPerPixel" : 12
			},
			"mosaic" : {
				"tile" : "r,gr:gb,b",
				"upperLeftPixel" : "b"
			}
		},
		"color" : {
			"ccmRgbToSrgbArray" : [
				3.1115827560424805,
				-1.9393929243087769,
				-0.172189861536026,
				-0.3629055917263031,
				1.6408803462982178,
				-0.27797481417655945,
				0.078967012465000153,
				-1.1558042764663696,
				2.0768373012542725
			],
			"gamma" : 0.41666001081466675,
			"applied" : {},
			"whiteBalanceGain" : {
				"r" : 1.2265625,
				"gr" : 1,
				"gb" : 1,
				"b" : 1.19140625
			}
		},
		"modulationExposureBias" : -1.1437187194824219,
		"limitExposureBias" : 0
	},
	"devices" : {
		"clock" : {
			"zuluTime" : "2012-12-30T23:25:47.000Z"
		},
		"sensor" : {
			"bitsPerPixel" : 12,
			"mosaic" : {
				"tile" : "r,gr:gb,b",
				"upperLeftPixel" : "b"
			},
			"iso" : 200,
			"analogGain" : {
				"r" : 5.4375,
				"gr" : 4,
				"gb" : 4,
				"b" : 4.625
			},
			"pixelPitch" : 1.3999999761581417e-006
		},
		"lens" : {
			"infinityLambda" : 5,
			"focalLength" : 0.0064400000572204588,
			"zoomStep" : 982,
			"focusStep" : 597,
			"fNumber" : 1.9099999666213989,
			"temperature" : 24.86962890625,
			"temperatureAdc" : 2868,
			"zoomStepperOffset" : 0,
			"focusStepperOffset" : 27,
			"exitPupilOffset" : {
				"z" : 10000
			}
		},
		"ndfilter" : {
			"exposureBias" : 0
		},
		"shutter" : {
			"mechanism" : "sensorOpenApertureClose",
			"frameExposureDuration" : 0.0091709140688180923,
			"pixelExposureDuration" : 0.0091709140688180923
		},
		"soc" : {
			"temperature" : 29.76666259765625,
			"temperatureAdc" : 3239
		},
		"accelerometer" : {
			"sampleArray" : [
				{
					"x" : -0.050980392843484879,
					"y" : 0.95686274766921997,
					"z" : 0.26666668057441711,
					"time" : 0
				}
			]
		},
		"mla" : {
			"tiling" : "hexUniformRowMajor",
			"lensPitch" : 1.389859962463379e-005,
			"rotation" : 0.0019290975760668516,
			"defectArray" : [],
			"config" : "com.lytro.mla.3",
			"scaleFactor" : {
				"x" : 1,
				"y" : 1.0004994869232178
			},
			"sensorOffset" : {
				"x" : -2.7138671874999998e-006,
				"y" : 5.6601560115814212e-007,
				"z" : 2.5000000000000001e-005
			}
		}
	},
	"modes" : {
		"creative" : "auto",
		"manualControls" : true,
		"exposureDurationMode" : "auto",
		"isoMode" : "auto",
		"ndFilterMode" : "auto",
		"exposureLock" : false,
		"overscan" : 1.0526316165924072
	},
	"camera" : {
		"make" : "Lytro, Inc.",
		"model" : "F01",
		"firmware" : "v1.0a150, vv1.1.1, Tue Dec  4 11:34:59 PST 2012, 2b6dba9754a8dd4e981f18c1f522b9f937aecc8f, mods=0, ofw=0"
	}
}