{
	"type" : "lightField",
	"image" : {
		"width" : 3280,
		"height" : 3280,
		"orientation" : 1,
		"representation" : "rawPacked",
		"rawDetails" : {
			"pixelFormat" : {
				"rightShift" : 0,
				"black" : {
					"r" : 168,
					"gr" : 168,
					"gb" : 168,
					"b" : 168
				},
				"white" : {
					"r" : 4095,
					"gr" : 4095,
					"gb" : 4095,
					"b" : 4095
				}
			},
			"pixelPacking" : {
				"endianness" : "big",
				"bitsPerPixel" : 12
			},
			"mosaic" : {
				"tile" : "r,gr:gb,b",
				"upperLeftPixel" : "b"
			}
		},
		"color" : {
			"ccmRgbToSrgbArray" : [
				3.1115827560424805,
				-1.9393929243087769,
				-0.172189861536026,
				-0.3629055917263031,
				1.6408803462982178,
				-0.27797481417655945,
				0.078967012465000153,
				-1.1558042764663696,
				2.0768373012542725
			],
			"gamma" : 0.41666001081466675,
			"applied" : {},
			"whiteBalanceGain" : {
				"r" : 1.04296875,
				"gr" : 1,
				"gb" : 1,
				"b" : 1.26953125
			}
		},
		"modulationExposureBias" : -1.1520031690597534,
		"limitExposureBias" : 0
	},
	"devices" : {
		"clock" : {
			"zuluTime" : "2013-02-19T18:00:35.000Z"
		},
		"sensor" : {
			"bitsPerPixel" : 12,
			"mosaic" : {
				"tile" : "r,gr:gb,b",
				"upperLeftPixel" : "b"
			},
			"iso" : 87,
			"analogGain" : {
				"r" : 2.375,
				"gr" : 1.75,
				"gb" : 1.75,
				"b" : 2.03125
			},
			"pixelPitch" : 1.3999999761581417e-006
		},
		"lens" : {
			"infinityLambda" : 20.065486907958984,
			"focalLength" : 0.0064400000572204588,
			"zoomStep" : 982,
			"focusStep" : 645,
			"fNumber" : 1.9099999666213989,
			"temperature" : 23.952911376953125,
			"temperatureAdc" : 2889,
			"zoomStepperOffset" : 0,
			"focusStepperOffset" : 27,
			"exitPupilOffset" : {
				"z" : 10000
			}
		},
		"ndfilter" : {
			"exposureBias" : 0
		},
		"shutter" : {
			"mechanism" : "sensorOpenApertureClose",
			"frameExposureDuration" : 0.0040000001899898052,
			"pixelExposureDuration" : 0.0040000001899898052
		},
		"soc" : {
			"temperature" : 25.601409912109375,
			"temperatureAdc" : 3360
		},
		"accelerometer" : {
			"sampleArray" : [
				{
					"x" : -0.035294119268655777,
					"y" : 0.95686274766921997,
					"z" : 0.33725491166114807,
					"time" : 0
				}
			]
		},
		"mla" : {
			"tiling" : "hexUniformRowMajor",
			"lensPitch" : 1.389859962463379e-005,
			"rotation" : 0.0019390910165384412,
			"defectArray" : [],
			"config" : "com.lytro.mla.3",
			"scaleFactor" : {
				"x" : 1,
				"y" : 1.0004590749740601
			},
			"sensorOffset" : {
				"x" : -2.7124998569488533e-006,
				"y" : 5.6293946504592893e-007,
				"z" : 2.5000000000000001e-005
			}
		}
	},
	"modes" : {
		"creative" : "tap",
		"regionOfInterestArray" : [
			{
				"type" : "exposure",
				"x" : 0.53125810623168945,
				"y" : 0.57291525602340698
			},
			{
				"type" : "creative",
				"x" : 0.53125810623168945,
				"y" : 0.57291525602340698
			}
		],
		"manualControls" : true,
		"exposureDurationMode" : "auto",
		"isoMode" : "auto",
		"ndFilterMode" : "auto",
		"exposureLock" : false,
		"overscan" : 1.0526316165924072
	},
	"camera" : {
		"make" : "Lytro, Inc.",
		"model" : "F01",
		"firmware" : "v1.0a150, vv1.1.1, Tue Dec  4 11:34:59 PST 2012, 2b6dba9754a8dd4e981f18c1f522b9f937aecc8f, mods=0, ofw=0"
	}
}