{
	"type" : "lightField",
	"image" : {
		"width" : 3280,
		"height" : 3280,
		"orientation" : 1,
		"representation" : "rawPacked",
		"rawDetails" : {
			"pixelFormat" : {
				"rightShift" : 0,
				"black" : {
					"r" : 168,
					"gr" : 168,
					"gb" : 168,
					"b" : 168
				},
				"white" : {
					"r" : 4095,
					"gr" : 4095,
					"gb" : 4095,
					"b" : 4095
				}
			},
			"pixelPacking" : {
				"endianness" : "big",
				"bitsPerPixel" : 12
			},
			"mosaic" : {
				"tile" : "r,gr:gb,b",
				"upperLeftPixel" : "b"
			}
		},
		"color" : {
			"ccmRgbToSrgbArray" : [
				3.1115827560424805,
				-1.9393929243087769,
				-0.172189861536026,
				-0.3629055917263031,
				1.6408803462982178,
				-0.27797481417655945,
				0.078967012465000153,
				-1.1558042764663696,
				2.0768373012542725
			],
			"gamma" : 0.41666001081466675,
			"applied" : {},
			"whiteBalanceGain" : {
				"r" : 1.0546875,
				"gr" : 1,
				"gb" : 1,
				"b" : 1.2421875
			}
		},
		"modulationExposureBias" : -1.1520031690597534,
		"limitExposureBias" : 0
	},
	"devices" : {
		"clock" : {
			"zuluTime" : "2012-10-16T07:02:49.000Z"
		},
		"sensor" : {
			"bitsPerPixel" : 12,
			"mosaic" : {
				"tile" : "r,gr:gb,b",
				"upperLeftPixel" : "b"
			},
			"iso" : 161,
			"analogGain" : {
				"r" : 4.375,
				"gr" : 3.21875,
				"gb" : 3.21875,
				"b" : 3.71875
			},
			"pixelPitch" : 1.3999999761581417e-006
		},
		"lens" : {
			"infinityLambda" : 5.0006208419799805,
			"focalLength" : 0.0064499998092651363,
			"zoomStep" : 981,
			"focusStep" : 598,
			"fNumber" : 1.9099999666213989,
			"temperature" : 32.46722412109375,
			"temperatureAdc" : 2677,
			"zoomStepperOffset" : 0,
			"focusStepperOffset" : 27,
			"exitPupilOffset" : {
				"z" : 10000
			}
		},
		"ndfilter" : {
			"exposureBias" : 0
		},
		"shutter" : {
			"mechanism" : "sensorOpenApertureClose",
			"frameExposureDuration" : 0.0040000001899898052,
			"pixelExposureDuration" : 0.0040000001899898052
		},
		"soc" : {
			"temperature" : 43.35272216796875,
			"temperatureAdc" : 2780
		},
		"accelerometer" : {
			"sampleArray" : [
				{
					"x" : -0.066666670143604279,
					"y" : 0.90196079015731812,
					"z" : 0.40784314274787903,
					"time" : 0
				}
			]
		},
		"mla" : {
			"tiling" : "hexUniformRowMajor",
			"lensPitch" : 1.389859962463379e-005,
			"rotation" : 0.0019290975760668516,
			"defectArray" : [],
			"config" : "com.lytro.mla.3",
			"scaleFactor" : {
				"x" : 1,
				"y" : 1.0004994869232178
			},
			"sensorOffset" : {
				"x" : -2.7138671874999998e-006,
				"y" : 5.6601560115814212e-007,
				"z" : 2.5000000000000001e-005
			}
		}
	},
	"modes" : {
		"creative" : "auto",
		"manualControls" : "true",
		"exposureDurationMode" : "auto",
		"isoMode" : "auto",
		"ndFilterMode" : "auto",
		"exposureLock" : "false"
	},
	"camera" : {
		"make" : "Lytro, Inc.",
		"model" : "F01",
		"firmware" : "v1.0a138, vv1.1, Mon Oct  8 11:56:47 PDT 2012, 0c067f9721224660fcbb5cfc371a7243fa410ef1, mods=0, ofw=0"
	}
}